dp,name,email,password,location,occupation,dob,income,contact,gender
http://dummyimage.com/272x170.png/dddddd/000000,Aldis Philpot,aphilpot0@amazon.co.uk,IortT4OTg,Şūrān,Geological Engineer,10-06-1992,420942,9571356849,Male
http://dummyimage.com/272x170.png/dddddd/000000,Madonna Grinvalds,mgrinvalds1@reference.com,WXd7ufJAhJb,Cunha,General Manager,18-12-1996,731799,6436400283,Female
http://dummyimage.com/272x170.png/cc0000/ffffff,Hashim Inold,hinold2@qq.com,7pBpeWRVA,Alvesta,Media Manager I,20-07-1993,928103,2581279574,Male
http://dummyimage.com/272x170.png/ff4444/ffffff,Keefe Seagrove,kseagrove3@youku.com,LdPG6b,Arroteia,Director of Sales,13-12-1995,942229,7965221418,Male
http://dummyimage.com/272x170.png/ff4444/ffffff,Kurtis Vyvyan,kvyvyan4@google.de,2OrdPuM9DMF,Filimonovo,Web Designer IV,09-06-1993,658885,5033789357,Male
http://dummyimage.com/272x170.png/5fa2dd/ffffff,Devonne Beine,dbeine5@elpais.com,TIMSpi,Medianeira,Research Associate,19-09-2001,245926,2918591087,Female
http://dummyimage.com/272x170.png/ff4444/ffffff,Ilario Cankett,icankett6@un.org,ZyCGOdx,Vera Cruz,Junior Executive,21-09-2001,395091,4513622866,Male
http://dummyimage.com/272x170.png/ff4444/ffffff,Justin Chesshyre,jchesshyre7@boston.com,VUtWP1fUQ,Kybartai,Administrative Officer,21-04-1997,252304,7186524057,Male
http://dummyimage.com/272x170.png/ff4444/ffffff,Winfred Ansill,wansill8@ifeng.com,51pMEQ9Pd,Pacar,Help Desk Technician,16-08-1991,885556,6053409153,Male
http://dummyimage.com/272x170.png/ff4444/ffffff,Abbie Bedding,abedding9@guardian.co.uk,wOyq1HFi,Zhushan Chengguanzhen,Engineer II,25-07-1995,658783,6678704962,Male
http://dummyimage.com/272x170.png/dddddd/000000,Gail Venditti,gvendittia@yellowbook.com,RmSdii1SWYgE,Claveria,Nurse Practicioner,01-04-2000,242533,3124732354,Female
http://dummyimage.com/272x170.png/cc0000/ffffff,Rosco Skittrall,rskittrallb@exblog.jp,wetZ6bCsX0xT,Sanhu,Senior Editor,30-01-1997,630996,1892137646,Male
http://dummyimage.com/272x170.png/dddddd/000000,Kingsley Cornbill,kcornbillc@plala.or.jp,wUqEKgFm5dbC,Daping,Nurse Practicioner,12-03-1995,524712,1288709059,Male
http://dummyimage.com/272x170.png/dddddd/000000,Sayre Barlthrop,sbarlthropd@miitbeian.gov.cn,t1iipqaKg7Hx,Drachten,Account Coordinator,28-10-1996,934166,3161850513,Male
http://dummyimage.com/272x170.png/cc0000/ffffff,Joscelin Matissoff,jmatissoffe@accuweather.com,SMZiNxE,Barreira,VP Product Management,05-02-1991,822531,6475394918,Female
http://dummyimage.com/272x170.png/ff4444/ffffff,Janice Ginn,jginnf@newyorker.com,Sz5FixVPhY,Vilkija,Cost Accountant,07-05-1994,244171,3807890865,Female
http://dummyimage.com/272x170.png/ff4444/ffffff,Tessy De Laspee,tdeg@squarespace.com,YlKGbMlyJ8Km,Arosbaya,Software Test Engineer II,09-06-2001,188425,4137751418,Female
http://dummyimage.com/272x170.png/5fa2dd/ffffff,Clemmy Wren,cwrenh@si.edu,fbpHlOjZN1uN,Ketanen,Statistician III,19-11-1994,606846,6459766551,Male
http://dummyimage.com/272x170.png/5fa2dd/ffffff,Kristine Samsonsen,ksamsonseni@sogou.com,zXbwvM7kIJV,Volzhskiy,Senior Quality Engineer,25-07-1992,879667,7213696589,Female
http://dummyimage.com/272x170.png/ff4444/ffffff,Jerry Iannini,jianninij@studiopress.com,7nb4ptLO9rRK,Tinogasta,Pharmacist,29-07-1998,670316,4325322318,Male
http://dummyimage.com/272x170.png/ff4444/ffffff,Godwin Fenix,gfenixk@privacy.gov.au,rNAWkEV,Inhumas,Web Designer II,02-12-1996,283326,2095347752,Male
http://dummyimage.com/272x170.png/5fa2dd/ffffff,Raquela Thickpenny,rthickpennyl@unc.edu,FOt4WJq,Cambará,Legal Assistant,29-04-1992,962735,2887730528,Female
http://dummyimage.com/272x170.png/5fa2dd/ffffff,Dulcia Perch,dperchm@buzzfeed.com,7F6gcaI,Grästorp,Biostatistician II,06-02-1994,538701,8506534781,Female
http://dummyimage.com/272x170.png/5fa2dd/ffffff,Jere Eastwood,jeastwoodn@biglobe.ne.jp,RHbV37oWj,Yunji,Accountant IV,04-02-1992,559679,6361186278,Male
http://dummyimage.com/272x170.png/cc0000/ffffff,Giavani Melladew,gmelladewo@merriam-webster.com,zGmX8haN,Osasco,Computer Systems Analyst II,12-05-1997,400305,6827452615,Male
http://dummyimage.com/272x170.png/5fa2dd/ffffff,Torrie Saurat,tsauratp@live.com,X4B5j8xjCO,Hexi,Automation Specialist III,22-02-1992,959843,9173142648,Female
http://dummyimage.com/272x170.png/ff4444/ffffff,Adelle Arling,aarlingq@free.fr,DNZWKr0Z,Strumica,Food Chemist,05-08-1992,625297,4852846500,Female
http://dummyimage.com/272x170.png/cc0000/ffffff,Vikky Mander,vmanderr@redcross.org,kOkk25llx4,Woro,Physical Therapy Assistant,29-05-1995,273291,4683884952,Female
http://dummyimage.com/272x170.png/cc0000/ffffff,Leanor Joice,ljoices@fc2.com,oYEsOXG,Cayur,Help Desk Operator,23-01-1996,551062,3007832755,Female
http://dummyimage.com/272x170.png/dddddd/000000,Hersch Jonin,hjonint@virginia.edu,a0NAdSZ8,Haurpanggung,Financial Advisor,06-05-1991,487971,3226966467,Male
http://dummyimage.com/272x170.png/dddddd/000000,Hartley Giddy,hgiddyu@aboutads.info,dgHlCwg,Tahara,Budget/Accounting Analyst III,26-07-2000,780194,1253503575,Male
http://dummyimage.com/272x170.png/5fa2dd/ffffff,Ingar Chevers,icheversv@miitbeian.gov.cn,q7C202Fi,Zhelin,Technical Writer,06-08-1996,917105,8435565139,Male
http://dummyimage.com/272x170.png/dddddd/000000,Jasmine Brandsma,jbrandsmaw@discovery.com,VoFD4fanT9,Walagar,Engineer II,11-05-2001,225098,2827854737,Female
http://dummyimage.com/272x170.png/cc0000/ffffff,Gus Reimer,greimerx@myspace.com,wtDReM,Yachimata,Community Outreach Specialist,03-12-1994,296121,7625317715,Female
http://dummyimage.com/272x170.png/cc0000/ffffff,Theressa Powers,tpowersy@eepurl.com,k6A22GWmfWdn,Nghĩa Hành,Operator,25-02-1997,476642,1943959541,Female
http://dummyimage.com/272x170.png/cc0000/ffffff,Anallise Tourmell,atourmellz@wufoo.com,unzGb8NYA,Alingsås,Recruiting Manager,13-12-1991,299122,4719508501,Female
http://dummyimage.com/272x170.png/dddddd/000000,Lilla Marzelli,lmarzelli10@go.com,bHgvHi8dKVF,Villa General Belgrano,Civil Engineer,17-09-1996,155433,8858222207,Female
http://dummyimage.com/272x170.png/ff4444/ffffff,Haydon Gisby,hgisby11@hexun.com,0YaY05,Barinitas,Recruiter,18-05-1993,959315,5535454669,Male
http://dummyimage.com/272x170.png/ff4444/ffffff,Steven Esmonde,sesmonde12@umn.edu,B860L167Te,Dongdai,VP Marketing,31-10-2001,889223,3522040657,Male
http://dummyimage.com/272x170.png/ff4444/ffffff,Tomi Stidson,tstidson13@a8.net,MuTOs3,Altıağac,Teacher,04-04-1997,907479,7857690116,Female
http://dummyimage.com/272x170.png/cc0000/ffffff,Dee dee Weatherell,ddee14@oaic.gov.au,cuVKes6,Nijemci,Human Resources Manager,17-07-1998,54806,8986956592,Female
http://dummyimage.com/272x170.png/5fa2dd/ffffff,Dulciana Eastridge,deastridge15@uol.com.br,REnj9ODccCXZ,Montargis,Statistician I,06-08-1994,98873,4895320374,Female
http://dummyimage.com/272x170.png/cc0000/ffffff,Lula Murton,lmurton16@deliciousdays.com,wKB69BWZd,Aktau,Actuary,04-10-1995,475043,2736590070,Female
http://dummyimage.com/272x170.png/dddddd/000000,Doti De Cruze,dde17@addthis.com,1ZlhAYB12d,Hisings Kärra,VP Sales,16-02-1998,706754,8698327262,Female
http://dummyimage.com/272x170.png/ff4444/ffffff,Brandy Cutill,bcutill18@rediff.com,IEmRBFrc,Nanguzhuang,Geological Engineer,13-01-1998,374254,1616817569,Female
http://dummyimage.com/272x170.png/cc0000/ffffff,Eryn Andriolli,eandriolli19@icq.com,b1ZiIqtN9,Labin,Administrative Assistant I,25-09-1997,335020,9204248238,Female
http://dummyimage.com/272x170.png/cc0000/ffffff,Biddie Dillestone,bdillestone1a@purevolume.com,jdZMZg,Buenos Aires,Recruiting Manager,26-05-1997,872572,9079024308,Female
http://dummyimage.com/272x170.png/ff4444/ffffff,Karry Ouslem,kouslem1b@globo.com,bwwJtT,Haiyangsuo,Business Systems Development Analyst,26-07-1993,634505,8238604378,Female
http://dummyimage.com/272x170.png/cc0000/ffffff,Morlee McGuggy,mmcguggy1c@acquirethisname.com,UI29Sh5,Maqian,Speech Pathologist,25-09-1999,847287,8072560859,Male
http://dummyimage.com/272x170.png/5fa2dd/ffffff,Wesley Ellissen,wellissen1d@merriam-webster.com,NtuukOFyC2Z,Kangān,Librarian,14-09-1992,188821,7136698282,Male
http://dummyimage.com/272x170.png/dddddd/000000,Bing Sunman,bsunman1e@reverbnation.com,CDbacWykT,Yunhe,Account Executive,29-03-2000,401021,2321265621,Male
http://dummyimage.com/272x170.png/cc0000/ffffff,Merrill Meneo,mmeneo1f@hostgator.com,KCOUB4,Daluo,Help Desk Technician,29-01-2000,873803,3186331172,Male
http://dummyimage.com/272x170.png/5fa2dd/ffffff,Michael Ferrettino,mferrettino1g@army.mil,aaxYsb,Bondowoso,VP Product Management,17-08-2001,661091,9811846337,Male
http://dummyimage.com/272x170.png/dddddd/000000,Bernardina MacAree,bmacaree1h@tinyurl.com,phmbAJg,Mambalan,Structural Analysis Engineer,24-04-1993,602684,6266970217,Female
http://dummyimage.com/272x170.png/5fa2dd/ffffff,Jolene Giacobini,jgiacobini1i@ucsd.edu,XeammS6,Terpsithéa,Operator,24-05-1995,812399,4089414651,Female
http://dummyimage.com/272x170.png/cc0000/ffffff,Pegeen Weddup,pweddup1j@quantcast.com,81mxaK513,Kara,Marketing Manager,24-07-1995,666332,6544053936,Female
http://dummyimage.com/272x170.png/5fa2dd/ffffff,Ignacio Antosch,iantosch1k@vkontakte.ru,wATs3NU8x3n1,Daba,Senior Financial Analyst,15-11-1994,930690,8155426337,Male
http://dummyimage.com/272x170.png/ff4444/ffffff,Alvin Anderl,aanderl1l@elpais.com,DBNeiMafCf,Francisco I Madero,Analyst Programmer,13-07-2000,341473,2621089168,Male
http://dummyimage.com/272x170.png/dddddd/000000,Lesly Aphale,laphale1m@go.com,T1GJlSqa,Strasbourg,Sales Representative,30-12-1999,388448,7311982618,Female
http://dummyimage.com/272x170.png/5fa2dd/ffffff,Nolana Gurry,ngurry1n@wp.com,jul2qzE,Pavia,Human Resources Manager,04-01-1997,269849,8104930395,Female
http://dummyimage.com/272x170.png/cc0000/ffffff,Angil Ridgley,aridgley1o@mlb.com,gLMNM5FjNc,Beauvais,Budget/Accounting Analyst IV,09-09-1996,859173,3803409945,Female
http://dummyimage.com/272x170.png/5fa2dd/ffffff,Myron Tripett,mtripett1p@technorati.com,0knsTcg,Tonghae,Project Manager,29-07-1996,362057,6136521222,Male
http://dummyimage.com/272x170.png/ff4444/ffffff,Edan Haggleton,ehaggleton1q@blogspot.com,aEqi3X26J,Daniëlskuil,VP Quality Control,05-12-1998,755959,8017588590,Male
http://dummyimage.com/272x170.png/dddddd/000000,Sarah Scamadine,sscamadine1r@vk.com,qcPB1DcS,Hangbu,Senior Developer,23-11-2000,983727,4563536092,Female
http://dummyimage.com/272x170.png/cc0000/ffffff,Perry Batalini,pbatalini1s@quantcast.com,tGYCyrJ,Igbo-Ukwu,Chief Design Engineer,19-03-1993,488307,1081316322,Female
http://dummyimage.com/272x170.png/dddddd/000000,Jeff Wellsman,jwellsman1t@goo.gl,d0khBMxLpFQM,Fasi,Structural Engineer,26-09-1998,452071,4269466936,Male
http://dummyimage.com/272x170.png/5fa2dd/ffffff,Prudi Belliveau,pbelliveau1u@yahoo.com,TKctTINW,Novocheboksarsk,Cost Accountant,29-11-1996,389500,6893233277,Female
http://dummyimage.com/272x170.png/cc0000/ffffff,Simeon Playle,splayle1v@amazon.com,DuBXCr,San Nicolas,Compensation Analyst,16-09-2001,827058,4301757297,Male
http://dummyimage.com/272x170.png/dddddd/000000,Rosalynd Shellsheere,rshellsheere1w@hud.gov,pAKMoyk,Santa Cristina Couto,Desktop Support Technician,14-09-1992,339108,8073035357,Female
http://dummyimage.com/272x170.png/cc0000/ffffff,Karyn MacInnes,kmacinnes1x@privacy.gov.au,2ySnjDMt,Li’an,Senior Sales Associate,07-06-1994,586578,9824717962,Female
http://dummyimage.com/272x170.png/ff4444/ffffff,Neill Roskilly,nroskilly1y@whitehouse.gov,C13EnQUEEpG,Belišće,Computer Systems Analyst III,28-05-1991,696070,6161032516,Male
http://dummyimage.com/272x170.png/cc0000/ffffff,Chloe Greger,cgreger1z@mayoclinic.com,yX0LHGc0NFRl,Jacarezinho,Legal Assistant,23-09-2000,947964,3213403609,Female
http://dummyimage.com/272x170.png/cc0000/ffffff,Carita Huegett,chuegett20@scribd.com,BgFwSpbnZO,Alagoinhas,Compensation Analyst,30-01-2001,820486,7134055636,Female
http://dummyimage.com/272x170.png/dddddd/000000,Shari Woodyer,swoodyer21@joomla.org,kvRck7fUZEL,Dasheng,Occupational Therapist,26-08-1991,578662,1469595123,Female
http://dummyimage.com/272x170.png/5fa2dd/ffffff,Louie Philpin,lphilpin22@google.fr,DpSEqOWd9,Frydek,Data Coordiator,01-02-1996,163344,9542100489,Male
